celltype,genotype,n,total_depth.mean,total_mismatches.mean,per10k_mismatched.mean,per10k_mismatched.sd
C636,C483Y,6,31492325.833333332,2939.1666666666665,0.9753314028150507,0.38423126598063667
C636,Q192L,6,30992818.833333332,2938.5,0.9673247727854598,0.1849013909737315
C636,WT,6,32432510.833333332,2520.5,0.8025463381444871,0.19957598414971295
P0stock,C483Y,1,35144189,3633,1.033741310690083,NA
P0stock,Q192L,1,35940128,3944,1.097380621460224,NA
P0stock,WT,1,35381281,3306,0.9343923980593014,NA
RNA,C483Y,2,33501352,5681,1.7507625838322796,0.5077145409315391
RNA,Q192L,2,32890344,4145.5,1.2851655245274802,0.21555097839932272
RNA,WT,2,31776015,2637,0.8541982386015424,0.1812418623224164
U2OS,C483Y,6,33512655,2995.6666666666665,0.9300525094426204,0.22189897282871365
U2OS,Q192L,6,32749702.5,3470.8333333333335,1.0938716783469693,0.22824438821147777
U2OS,WT,6,33548744.833333332,2877.6666666666665,0.8861093946055131,0.2338214996874266
plasmid,C483Y,1,29618978,339,0.11445364522705678,NA
plasmid,Q192L,1,27444781,385,0.1402816805133187,NA
plasmid,WT,1,23606786,265,0.11225585727764889,NA
