EXPERIMENT,celltype,genotype,n,shannon_entropy.geom_mean,shannon_entropy.geom_sd
exp1,C636,C483Y,3,8.756882708550893e-4,1.317638910073983
exp1,C636,Q192L,3,7.619162437703652e-4,1.2201698237652658
exp1,C636,WT,3,7.031966057292743e-4,1.05273821305953
exp1,RNA,C483Y,1,0.0014527227614967578,NA
exp1,RNA,Q192L,1,0.0010123565045462386,NA
exp1,RNA,WT,1,6.760399653520109e-4,NA
exp1,U2OS,C483Y,3,7.9655347821133e-4,1.0418153337809313
exp1,U2OS,Q192L,3,9.215129907441517e-4,1.065392257509796
exp1,U2OS,WT,3,7.811125306221617e-4,1.0095513534129914
exp1,plasmid,C483Y,1,8.872873330604392e-5,NA
exp1,plasmid,Q192L,1,1.1025368435814869e-4,NA
exp1,plasmid,WT,1,8.215042778118135e-5,NA
exp2,C636,C483Y,3,0.00045441777577249787,1.0267597724071553
exp2,C636,Q192L,3,5.437125401807157e-4,1.0210754065262813
exp2,C636,WT,3,4.15951382493908e-4,1.0312860131712274
exp2,P0stock,C483Y,1,6.447298848252751e-4,NA
exp2,P0stock,Q192L,1,7.366676259388504e-4,NA
exp2,P0stock,WT,1,5.669020475334317e-4,NA
exp2,RNA,C483Y,1,9.555654278770226e-4,NA
exp2,RNA,Q192L,1,7.801779301354335e-4,NA
exp2,RNA,WT,1,4.990390220145931e-4,NA
exp2,U2OS,C483Y,3,4.959493220110619e-4,1.0434945589647557
exp2,U2OS,Q192L,3,6.078684787808965e-4,1.0174725000058136
exp2,U2OS,WT,3,4.5570137759988623e-4,1.0366018021704222
