EXPERIMENT,celltype,genotype,n,total_depth.mean,total_mismatches.mean,per10k_mismatched.mean,per10k_mismatched.sd
exp1,C636,C483Y,3,26868731.333333332,3385.3333333333335,1.2603726657886958,0.35273246957688414
exp1,C636,Q192L,3,25513995.666666668,2865.3333333333335,1.1087420198827562,0.156903716808124
exp1,C636,WT,3,27847830.666666668,2730.6666666666665,0.981037600258593,0.057703058491796744
exp1,RNA,C483Y,1,28368008,5985,2.109770978631986,NA
exp1,RNA,Q192L,1,27546234,3960,1.4375830830450362,NA
exp1,RNA,WT,1,25744242,2529,0.9823555884846017,NA
exp1,U2OS,C483Y,3,27572462,3116.6666666666665,1.1300973841072526,0.036161842107618955
exp1,U2OS,Q192L,3,27136789,3526.6666666666665,1.2973999256855555,0.07622185297343527
exp1,U2OS,WT,3,29103989,3196.6666666666665,1.0987383119483567,0.01602971600711948
exp1,plasmid,C483Y,1,29618978,339,0.11445364522705678,NA
exp1,plasmid,Q192L,1,27444781,385,0.1402816805133187,NA
exp1,plasmid,WT,1,23606786,265,0.11225585727764889,NA
exp2,C636,C483Y,3,36115920.333333336,2493,0.6902901398414056,0.03030518942470577
exp2,C636,Q192L,3,36471642,3011.6666666666665,0.8259075256881634,0.029257841378242916
exp2,C636,WT,3,37017191,2310.3333333333335,0.6240550760303811,0.025872740688784507
exp2,P0stock,C483Y,1,35144189,3633,1.033741310690083,NA
exp2,P0stock,Q192L,1,35940128,3944,1.097380621460224,NA
exp2,P0stock,WT,1,35381281,3306,0.9343923980593014,NA
exp2,RNA,C483Y,1,38634696,5377,1.3917541890325733,NA
exp2,RNA,Q192L,1,38234454,4331,1.132747966009924,NA
exp2,RNA,WT,1,37807788,2745,0.7260408887184832,NA
exp2,U2OS,C483Y,3,39452848,2874.6666666666665,0.7300076347779882,0.04166954394655563
exp2,U2OS,Q192L,3,38362616,3415,0.8903434310083832,0.012559403259128077
exp2,U2OS,WT,3,37993500.666666664,2558.6666666666665,0.6734804772626695,0.02812673148011787
